iter	Logloss
<<<<<<< HEAD
0	0.4773989572
1	0.3190516836
2	0.2232625928
3	0.1564896393
4	0.1132334838
5	0.08539741031
6	0.06706896736
7	0.05421650239
8	0.04711406124
9	0.04063402612
10	0.03632078016
11	0.03217535437
12	0.02940026263
13	0.02718078025
14	0.02545301597
15	0.02429954875
16	0.02317263147
17	0.02187640504
18	0.02082452515
19	0.02009301033
20	0.01950482506
21	0.01904270116
22	0.01843797881
23	0.01816292529
24	0.01775423319
25	0.01753063245
26	0.01721852118
27	0.0170325343
28	0.01682413222
29	0.01660806013
30	0.01624183543
31	0.01618978281
32	0.01594947197
33	0.01575776294
34	0.0156113633
35	0.01517199929
36	0.01512881385
37	0.01502252569
38	0.01465456848
39	0.01450291942
40	0.01427874956
41	0.01410821292
42	0.01389597631
43	0.01375773387
44	0.01363586211
45	0.01351440258
46	0.01332764089
47	0.0132152674
48	0.01313631588
49	0.01311128575
50	0.01308574793
51	0.01294334392
52	0.01282269548
53	0.01274350885
54	0.01251574112
55	0.01237548501
56	0.0122481777
57	0.01217702522
58	0.01202626768
59	0.01194330472
60	0.01190569351
61	0.01180569598
62	0.01175515541
63	0.01162043571
64	0.01160177847
65	0.01154783781
66	0.01147137925
67	0.01142006273
68	0.01135789526
69	0.01132722604
70	0.01125003221
71	0.01114211076
72	0.01106367766
73	0.0110019868
74	0.01093273042
75	0.01085943686
76	0.01073798684
77	0.01066004253
78	0.01061042641
79	0.01056029286
80	0.01048007709
81	0.0104003126
82	0.01038528176
83	0.01034389563
84	0.01031012938
85	0.01024614169
86	0.01020460475
87	0.01011559665
88	0.0100743877
89	0.01003463063
90	0.01000860053
91	0.009980165307
92	0.009943246948
93	0.009913779215
94	0.009883710344
95	0.009830824864
96	0.009807211854
97	0.00978413332
98	0.009770491874
99	0.009724663139
100	0.00966944756
101	0.009634101652
102	0.009577283288
103	0.009520862083
104	0.009453242032
105	0.009341983
106	0.009322145954
107	0.009256386242
108	0.009224181161
109	0.009207333568
110	0.009164363725
111	0.00912254921
112	0.0090962722
113	0.008964363323
114	0.008911181383
115	0.008863860386
116	0.00884146384
117	0.008820030282
118	0.008780712511
119	0.008751795275
120	0.008734677687
121	0.008715677831
122	0.008705897349
123	0.008688508506
124	0.008658145309
125	0.008616008345
126	0.008479787259
127	0.008463007375
128	0.008443869636
129	0.008432063782
130	0.0084135306
131	0.008354614985
132	0.008342376457
133	0.008335400269
134	0.008281148976
135	0.008249599628
136	0.008243303445
137	0.008236402558
138	0.008192102512
139	0.008180499485
140	0.008172654415
141	0.008144415788
142	0.008095345796
143	0.00807297811
144	0.008041995775
145	0.007977248332
146	0.007954630815
147	0.007884108578
148	0.007858663388
149	0.007838096965
150	0.007784582486
151	0.007754040537
152	0.007730373886
153	0.007717727392
154	0.00770023337
155	0.007687897596
156	0.007635794983
157	0.007616660715
158	0.007587673525
159	0.007575860126
160	0.007535209195
161	0.007502892536
162	0.007488585774
163	0.007477141424
164	0.007461782164
165	0.00746097029
166	0.007459642773
167	0.007425708606
168	0.00742570711
169	0.007413038031
170	0.007375629402
171	0.007353276403
172	0.007341059956
173	0.007340905597
174	0.007339440778
175	0.007339440001
176	0.007331777765
177	0.007321460234
178	0.007307128347
179	0.007307125155
180	0.007306905625
181	0.007276284377
182	0.007265204163
183	0.007255494158
184	0.007237466739
185	0.007214211668
186	0.007189680605
187	0.00717937845
188	0.007168065686
189	0.00716046793
190	0.00714485289
191	0.007127564431
192	0.007113685899
193	0.00710066886
194	0.00710066912
195	0.007099865291
196	0.007099722278
197	0.007093213898
198	0.007083072526
199	0.007083072136
200	0.007060718797
201	0.006993124083
202	0.006985351387
203	0.006972260664
204	0.006926007597
205	0.006890815692
206	0.006876751378
207	0.006876753408
208	0.006876049092
209	0.00687539572
210	0.006861888373
211	0.006861878912
212	0.00685655958
213	0.006844783798
214	0.00683375308
215	0.006833750622
216	0.006824970266
217	0.006809524794
218	0.006809522607
219	0.006768375946
220	0.006729455058
221	0.006723215869
222	0.006697822791
223	0.006685129894
224	0.006663471848
225	0.006663473513
226	0.006659121401
227	0.006644352012
228	0.006644345174
229	0.006640939568
230	0.006640936262
231	0.006640913805
232	0.006638027365
233	0.006638023376
234	0.006629551668
235	0.006621354578
236	0.006621341666
237	0.006579553193
238	0.006579555003
239	0.006578939773
240	0.006569843998
241	0.006556306459
242	0.006556302913
243	0.006496233358
244	0.006496230879
245	0.006496230671
246	0.006496165369
247	0.006496166417
248	0.006496166417
249	0.006496161758
250	0.006496053742
251	0.006470837149
252	0.006469886014
253	0.006457783989
254	0.006457783821
255	0.006437600441
256	0.006437593641
257	0.006437484397
258	0.00643748379
259	0.006437484436
260	0.006437019789
261	0.006410996682
262	0.006409439634
263	0.006402448339
264	0.006402444687
265	0.006387638758
266	0.006387639162
267	0.006387633878
268	0.006387632292
269	0.006387606933
270	0.006380299215
271	0.006380263496
272	0.006380257065
273	0.00636949932
274	0.006369494534
275	0.006314245285
276	0.006271708399
277	0.006210095321
278	0.006193409587
279	0.006182953311
280	0.006167169368
281	0.006163226159
282	0.006153414696
283	0.006095454908
284	0.006084906405
285	0.006058258429
286	0.006056039949
287	0.006053382306
288	0.00604725111
289	0.006032417777
290	0.006016270381
291	0.00600198942
292	0.005999513115
293	0.005987565299
294	0.005953384304
295	0.005918037567
296	0.005907192283
297	0.005839261803
298	0.005831203832
299	0.005818493411
300	0.005788139135
301	0.005765387457
302	0.005745938551
303	0.005734468826
304	0.005730775109
305	0.005714988937
306	0.005697804354
307	0.00567580799
308	0.00565576778
309	0.005645192334
310	0.005638262095
311	0.005633457681
312	0.00561396407
313	0.005605747256
314	0.005559059456
315	0.005544723958
316	0.005523778923
317	0.005493945747
318	0.005482035966
319	0.00548202662
320	0.005478117843
321	0.005478116583
322	0.005473291376
323	0.005469219504
324	0.005462256436
325	0.005444443538
326	0.005423571077
327	0.005419372335
328	0.005410234403
329	0.005410234732
330	0.005409799866
331	0.005409796289
332	0.005409788014
333	0.005406326835
334	0.005388034169
335	0.005378139598
336	0.005378133959
337	0.005378132008
338	0.005371874943
339	0.005366743372
340	0.005358539947
341	0.0053585368
342	0.005352580274
343	0.005352577563
344	0.005296655801
345	0.005280344789
346	0.00528034594
347	0.005266965053
348	0.005250641538
349	0.00525064006
350	0.00524500483
351	0.005237675223
352	0.00523767307
353	0.005235215696
354	0.005235210107
355	0.005228326279
356	0.005228326228
357	0.005228324418
358	0.005228325287
359	0.005227823814
360	0.005227822176
361	0.005227820034
362	0.005208048484
363	0.005203500439
364	0.00520196693
365	0.005196947797
366	0.005179907577
367	0.005179899419
368	0.005162961413
369	0.00514028998
370	0.005126199597
371	0.005116900308
372	0.005116902951
373	0.005116901901
374	0.005116899979
375	0.005116671207
376	0.005116665476
377	0.005116662031
378	0.005116657616
379	0.005116657616
380	0.005110076143
381	0.005110075939
382	0.005110075089
383	0.005110072096
384	0.005110072161
385	0.005100742791
386	0.005100739138
387	0.005100731324
388	0.005097466482
389	0.005097462322
390	0.005097196123
391	0.005085173447
392	0.005085172734
393	0.00508238874
394	0.0050823873
395	0.005082385018
396	0.005082383244
397	0.005082385417
398	0.005082013502
399	0.005082009514
400	0.005081660661
401	0.005072443283
402	0.005053902555
403	0.005044533336
404	0.005044531849
405	0.005042045126
406	0.005041295678
407	0.005041255255
408	0.005037445613
409	0.005037438613
410	0.005035181451
411	0.005015136941
412	0.005001625635
413	0.00496477104
414	0.00496056771
415	0.004959301638
416	0.004948866843
417	0.00494886074
418	0.004937393823
419	0.004937394859
420	0.00493159875
421	0.004931248927
422	0.004931249124
423	0.004921251968
424	0.004892583006
425	0.004892583006
426	0.004892304158
427	0.004888000623
428	0.004884273331
429	0.004877056734
430	0.004873944831
431	0.0048726374
432	0.004872636566
433	0.004863887306
434	0.00486388529
435	0.004860817325
436	0.004857209952
437	0.004851122517
438	0.0048502076
439	0.004850204696
440	0.004841179369
441	0.004841177117
442	0.004841172429
443	0.004823294773
444	0.004822482006
445	0.004819405073
446	0.004807189812
447	0.004807188749
448	0.004798750898
449	0.004795937186
450	0.00479593784
451	0.004780476252
452	0.004737973003
453	0.004730302321
454	0.0047303015
455	0.004728560129
456	0.004717559535
457	0.004712504168
458	0.004712502277
459	0.004695866782
460	0.004691392278
461	0.004684754705
462	0.00464816118
463	0.004640355386
464	0.004633627563
465	0.004615781564
466	0.004604108169
467	0.004567376725
468	0.004545321171
469	0.004495552021
470	0.004492502213
471	0.004465812817
472	0.004442701673
473	0.00443472858
474	0.004420547025
475	0.004396844802
476	0.004392157878
477	0.004387495537
478	0.004371787404
479	0.004359874638
480	0.004350006892
481	0.004342119041
482	0.004330305967
483	0.004312377347
484	0.004311304297
485	0.004306954632
486	0.004296280652
487	0.004286745162
488	0.004276806689
489	0.004268331982
490	0.004255843064
491	0.004255840807
492	0.004255826046
493	0.004251560381
494	0.004251558894
495	0.00425155963
496	0.004251553635
497	0.004251553164
498	0.004251553514
499	0.004251552642
500	0.0042515524
501	0.004251554513
502	0.004251554459
503	0.004239884831
504	0.004238336014
505	0.004219135531
506	0.004213409207
507	0.004213408904
508	0.004213409189
509	0.004213411402
510	0.004213411092
511	0.004213410327
512	0.004213409185
513	0.004213408593
514	0.004213405531
515	0.004213402602
516	0.004213404002
517	0.004212236669
518	0.004206665025
519	0.004206667805
520	0.004206666748
521	0.00417700941
522	0.00417360647
523	0.004173602478
524	0.004173603136
525	0.004162790265
526	0.00416278972
527	0.004154193026
528	0.004150135231
529	0.004150135969
530	0.00414348728
531	0.004143487886
532	0.004143489097
533	0.004143490793
534	0.004143488828
535	0.004143487516
536	0.004143486056
537	0.004143485033
538	0.004143486587
539	0.004143486937
540	0.004143486796
541	0.004143487752
542	0.004143486866
543	0.004143487269
544	0.004143486576
545	0.004143485937
546	0.004143485715
547	0.004131918454
548	0.004123112637
549	0.004123115294
550	0.004123106571
551	0.004123102856
552	0.004112017012
553	0.004103915961
554	0.004085049127
555	0.0040752881
556	0.004075287616
557	0.004071459055
558	0.004071453636
559	0.004071454134
560	0.004071454439
561	0.004055765958
562	0.004046048002
563	0.004036517261
564	0.004031628345
565	0.00401976208
566	0.004017914365
567	0.004016346788
568	0.004016344879
569	0.00401633341
570	0.003996525132
571	0.003982066806
572	0.003974173328
573	0.003974172877
574	0.003974170437
575	0.003974171352
576	0.003974168557
577	0.003974168098
578	0.00397416618
579	0.003974165859
580	0.003974165474
581	0.003974164323
582	0.00397416446
583	0.003974162724
584	0.003974163154
585	0.003974164815
586	0.003974162827
587	0.003974163043
588	0.003974163191
589	0.003974161677
590	0.003974162799
591	0.003974158548
592	0.003974160648
593	0.0039741546
594	0.003974156009
595	0.003974155168
596	0.003974155127
597	0.003974155771
598	0.003974148352
599	0.003974146795
600	0.003974142677
601	0.003974138986
602	0.003974139115
603	0.003974136563
604	0.00397413277
605	0.003974133508
606	0.003974131731
607	0.003974131785
608	0.003974132461
609	0.003974131584
610	0.003974130401
611	0.003974130929
612	0.003974128554
613	0.003974131353
614	0.003974130546
615	0.003974130525
616	0.003974132686
617	0.00397412414
618	0.003974119784
619	0.003974118223
620	0.003974115882
621	0.003974113451
622	0.003974109238
623	0.003974108319
624	0.003974108233
625	0.003974106518
626	0.003974107572
627	0.003974108193
628	0.003974107799
629	0.003974107072
630	0.003974104393
631	0.003974104138
632	0.003973191976
633	0.003973191034
634	0.003973191052
635	0.003973189863
636	0.003973191797
637	0.003973192515
638	0.003973191146
639	0.003973192611
640	0.003973193412
641	0.003973190525
642	0.003973191918
643	0.003973192421
644	0.003973191378
645	0.003973190274
646	0.003973191445
647	0.003973191102
648	0.003973190752
649	0.003973186863
650	0.003970899625
651	0.003970900745
652	0.003970899043
653	0.003970899052
654	0.003970897989
655	0.003970897054
656	0.003970898689
657	0.003970896836
658	0.003970892786
659	0.003970890466
660	0.003970893266
661	0.003970891891
662	0.003970892124
663	0.003970891678
664	0.00397089402
665	0.003970892584
666	0.003970891543
667	0.003970891393
668	0.003970891402
669	0.003970889619
670	0.003965888807
671	0.003951567906
672	0.003932931181
673	0.003932925715
674	0.003931944138
675	0.00393144402
676	0.003929314289
677	0.003914521389
678	0.003914380718
679	0.003914380328
680	0.003914379556
681	0.003914380328
682	0.003913498113
683	0.003913498466
684	0.003913496891
685	0.003913498957
686	0.003913497196
687	0.003913491797
688	0.00391349064
689	0.003913490743
690	0.003913494431
691	0.003913486513
692	0.003913486479
693	0.003913485418
694	0.003913486044
695	0.0039134846
696	0.003913484832
697	0.003913489431
698	0.003913081989
699	0.003913082601
700	0.003903519421
701	0.003898775522
702	0.00388447054
703	0.003884464736
704	0.003883440383
705	0.003883439259
706	0.003883434806
707	0.003883436824
708	0.00388305202
709	0.003881181779
710	0.003875748593
711	0.003869140941
712	0.003865503099
713	0.003852146836
714	0.003852146471
715	0.003852143442
716	0.003852142179
717	0.003852142159
718	0.003852139063
719	0.003852137955
720	0.003851106514
721	0.003851105933
722	0.003843016114
723	0.003843012573
724	0.003843014787
725	0.003843010633
726	0.003834704577
727	0.003834703009
728	0.003825445973
729	0.00382135124
730	0.003808275449
731	0.003803363823
732	0.003772226927
733	0.003759004221
734	0.003751131248
735	0.003743262819
736	0.003738234601
737	0.003721837871
738	0.00370980413
739	0.003709805281
740	0.003706982056
741	0.003706980586
742	0.003700696092
743	0.003684461789
744	0.003676295307
745	0.003666423312
746	0.003655465659
747	0.003646885835
748	0.003631518805
749	0.003627214068
750	0.003613331714
751	0.003613329459
752	0.003613331913
753	0.003613330369
754	0.003613328009
755	0.003613329801
756	0.003613321498
757	0.003613319469
758	0.003613319036
759	0.003613307222
760	0.00361331058
761	0.003613304546
762	0.003613304773
763	0.003613305152
764	0.00361329808
765	0.003612509953
766	0.003612509536
767	0.003612508204
768	0.003611796888
769	0.003611793658
770	0.003611794768
771	0.003611150916
772	0.003611150512
773	0.003611150317
774	0.003611152338
775	0.00358688555
776	0.003582541818
777	0.003578752942
778	0.003565127756
779	0.003561883299
780	0.003557332004
781	0.003548047196
782	0.003545290785
783	0.003541015875
784	0.003537014535
785	0.003527935834
786	0.003524089176
787	0.003521037729
788	0.003518570422
789	0.00351127151
790	0.00350675264
791	0.003499862579
792	0.003491910576
793	0.003488243699
794	0.00348363774
795	0.003480173089
796	0.003471489302
797	0.003468113162
798	0.00346415816
799	0.003454171659
800	0.003451292773
801	0.003437793313
802	0.003434423754
803	0.003429580099
804	0.003416922793
805	0.00340813327
806	0.003398652506
807	0.003388381592
808	0.003383498977
809	0.003379456177
810	0.00336492422
811	0.00336287302
812	0.003351141043
813	0.003347202766
814	0.00334038408
815	0.003339807798
816	0.003334960899
817	0.00333160859
818	0.003317005269
819	0.003313595796
820	0.003300768591
821	0.00329390422
822	0.00329033938
823	0.003280751044
824	0.003272220676
825	0.003254375555
826	0.003254373361
827	0.003254374415
828	0.003254373381
829	0.003254374256
830	0.003254374283
831	0.003254373641
832	0.003254372993
833	0.003232146459
834	0.003232137839
835	0.003232134553
836	0.003232134885
837	0.00323212069
838	0.003232119714
839	0.003232111348
840	0.003232104904
841	0.0032321045
842	0.003232104691
843	0.003232102946
844	0.003232101669
845	0.00323210182
846	0.003232104978
847	0.003232105883
848	0.00323210385
849	0.003232098411
850	0.003232100551
851	0.003232098602
852	0.003232098057
853	0.003232099018
854	0.003232096459
855	0.003232095084
856	0.003232095481
857	0.003232094976
858	0.003232097278
859	0.003232094683
860	0.003232096742
861	0.003232095833
862	0.003232100617
863	0.00323209843
864	0.003232094117
865	0.003232093025
866	0.003232092942
867	0.003232093534
868	0.003232093938
869	0.003232094173
870	0.003232093099
871	0.003232092729
872	0.003232094846
873	0.003232093886
874	0.003232092285
875	0.003232093339
876	0.003232094239
877	0.003232088701
878	0.003232088203
879	0.003232089899
880	0.003232089807
881	0.003232090016
882	0.003232090164
883	0.003232089296
884	0.003232090258
885	0.003232089941
886	0.00323207923
887	0.003232080217
888	0.003232078334
889	0.003232076422
890	0.003232076196
891	0.003232076539
892	0.003232075476
893	0.003232074691
894	0.003232074664
895	0.003232073598
896	0.003232074298
897	0.003232073136
898	0.0032320735
899	0.003232073177
900	0.003232071171
901	0.0032320717
902	0.003232074417
903	0.00323207346
904	0.003232073473
905	0.00323207252
906	0.003232070813
907	0.003232070174
908	0.003232068114
909	0.003232069999
910	0.003232070227
911	0.003232071035
912	0.003232071116
913	0.003232071486
914	0.00323207012
915	0.00323207137
916	0.003232072086
917	0.003232069188
918	0.003232068964
919	0.003232069738
920	0.003232071676
921	0.00323206974
922	0.003232069767
923	0.003232070898
924	0.003232071284
925	0.003232069846
926	0.003232065371
927	0.003232064306
928	0.003232064717
929	0.00323206423
930	0.003232064405
931	0.003232065594
932	0.003232066182
933	0.003232065042
934	0.003232062454
935	0.003232061909
936	0.00323206282
937	0.003232059654
938	0.003232056744
939	0.003232056664
940	0.003232053286
941	0.003232053205
942	0.003232052013
943	0.003232050082
944	0.003232049858
945	0.00323204754
946	0.003232050192
947	0.003232049059
948	0.003232048346
949	0.003232047801
950	0.003232048364
951	0.003232047773
952	0.003232048471
953	0.003232046573
954	0.003232044224
955	0.00323204603
956	0.003232046237
957	0.003232041828
958	0.003232041078
959	0.003232039058
960	0.003232034291
961	0.003232037554
962	0.003232035557
963	0.003232035986
964	0.003232036903
965	0.00322809308
966	0.003228093154
967	0.003228095091
968	0.00322808934
969	0.003228090475
970	0.003228089821
971	0.003228089475
972	0.003228091539
973	0.003228090496
974	0.003228088801
975	0.003228088599
976	0.003228087306
977	0.003228081055
978	0.003228080983
979	0.003228077788
980	0.003228074327
981	0.00322807168
982	0.003228075359
983	0.00322807346
984	0.003228073381
985	0.003228072893
986	0.003228069649
987	0.003228067156
988	0.003228065835
989	0.003228061549
990	0.003228057635
991	0.00322805882
992	0.003228043143
993	0.00322804182
994	0.003228041354
995	0.003228039364
996	0.003228034327
997	0.003228028631
998	0.003228022573
999	0.003228018927
=======
0	0.5773817463
1	0.4813015938
2	0.404019866
3	0.3332900216
4	0.2847931997
5	0.2424369282
6	0.2061968639
7	0.1765920722
8	0.1496989875
9	0.1280650279
10	0.1151358738
11	0.1010626449
12	0.09027912816
13	0.08144442199
14	0.07312772938
15	0.0672577394
16	0.06215478544
17	0.05800153191
18	0.05370807869
19	0.05014679655
20	0.04753475189
21	0.04492910244
22	0.0427210437
23	0.04099676532
24	0.03932942729
25	0.03796585634
26	0.03675501537
27	0.03570565172
28	0.03449452735
29	0.03328225232
30	0.03233135732
31	0.03143563669
32	0.03085219167
33	0.03011850112
34	0.0295844234
35	0.02900322344
36	0.02843881843
37	0.02787706361
38	0.0274780738
39	0.02705020925
40	0.02662262231
41	0.02634397056
42	0.02592425717
43	0.02556684514
44	0.02532234093
45	0.02492182059
46	0.0246852249
47	0.02432877077
48	0.02413548405
49	0.02384925422
50	0.02363981374
51	0.02351575814
52	0.02327695572
53	0.0231194503
54	0.02299127106
55	0.02281668278
56	0.02254148697
57	0.02237114662
58	0.02215364646
59	0.02206385572
60	0.02187784063
61	0.02162030495
62	0.02149442832
63	0.02137157457
64	0.02133130283
65	0.02114512186
66	0.02098229206
67	0.0209125375
68	0.02070406658
69	0.02055678764
70	0.02045283162
71	0.02032464652
72	0.02023140903
73	0.02006466339
74	0.01993865078
75	0.01988134473
76	0.01981346831
77	0.01970169451
78	0.01964866697
79	0.01948135543
80	0.01937663823
81	0.0191904993
82	0.01908763141
83	0.01897440276
84	0.01888055064
85	0.01877897463
86	0.01867296564
87	0.01865670254
88	0.01858009974
89	0.01852947736
90	0.01845569555
91	0.01834181257
92	0.01830159373
93	0.01820352298
94	0.01810937842
95	0.01809644841
96	0.01800960479
97	0.01797570208
98	0.01789204812
99	0.01782801768
100	0.01774843863
101	0.0176447714
102	0.01752996345
103	0.01748279227
104	0.01743591697
105	0.01733926433
106	0.01732923295
107	0.01729712502
108	0.01722301604
109	0.01715064924
110	0.01707593663
111	0.01701580326
112	0.01695217256
113	0.01688594648
114	0.01687125718
115	0.01684106584
116	0.01675220444
117	0.01672528574
118	0.01666227835
119	0.01660300604
120	0.01654525298
121	0.01643096937
122	0.01637572452
123	0.01630339745
124	0.01626422901
125	0.01619481429
126	0.01614628096
127	0.01606468726
128	0.01602008035
129	0.01590667369
130	0.01580910907
131	0.01578945023
132	0.0157655085
133	0.01567610411
134	0.01566900521
135	0.01561459451
136	0.01556174817
137	0.01553579412
138	0.01548748333
139	0.01547639542
140	0.01543400138
141	0.01539740745
142	0.01538584715
143	0.01536470584
144	0.01535739489
145	0.01531840559
146	0.01528608787
147	0.01524809353
148	0.01518277354
149	0.01515236151
150	0.01512712183
151	0.01505251886
152	0.01504255939
153	0.01502346702
154	0.01499919944
155	0.01498418862
156	0.01495747503
157	0.01490898945
158	0.01487203531
159	0.01484637641
160	0.01482437452
161	0.01481655472
162	0.01481353779
163	0.01476621178
164	0.01471295745
165	0.0146837172
166	0.01463548564
167	0.01460673193
168	0.01453553515
169	0.01450523712
170	0.01443280521
171	0.01441159545
172	0.01438885536
173	0.01437127096
174	0.0142998119
175	0.01428830797
176	0.01427891021
177	0.01426728749
178	0.01422998829
179	0.01422469977
180	0.01418574287
181	0.01417216459
182	0.01414605291
183	0.01410842169
184	0.01409402735
185	0.01407930825
186	0.01400797577
187	0.01397770315
188	0.01396233848
189	0.01395322461
190	0.0139371187
191	0.01391431998
192	0.01386610805
193	0.01379443884
194	0.01373916392
195	0.01371465242
196	0.01370519517
197	0.01369557584
198	0.01367074033
199	0.01358272387
200	0.01357525896
201	0.01355244314
202	0.0135087128
203	0.01350212694
204	0.01348804955
205	0.01347374293
206	0.01346747413
207	0.01344771279
208	0.01343193648
209	0.01342216606
210	0.0134070455
211	0.0133805898
212	0.01335787947
213	0.01329725675
214	0.01327686466
215	0.01325842916
216	0.01325171161
217	0.01324597731
218	0.01320222924
219	0.0131766865
220	0.0131597083
221	0.013139834
222	0.01311553765
223	0.01310348676
224	0.01307766596
225	0.01304968897
226	0.01296215831
227	0.01294890083
228	0.01293442226
229	0.01292821143
230	0.01288097262
231	0.01287091493
232	0.01284886088
233	0.01282178488
234	0.01279334361
235	0.01273884255
236	0.01270884983
237	0.01269476396
238	0.01268627271
239	0.01267133852
240	0.01264870421
241	0.01263274594
242	0.01261120125
243	0.01260465731
244	0.01254024934
245	0.01252741637
246	0.0125073169
247	0.01250350374
248	0.01249106223
249	0.01247132368
250	0.01246618314
251	0.012423359
252	0.01241209479
253	0.0124100852
254	0.01239084652
255	0.01237461221
256	0.0123675913
257	0.01232734675
258	0.01230860395
259	0.0122972961
260	0.01229107081
261	0.01224985364
262	0.01224650034
263	0.01223868057
264	0.01223471538
265	0.01221044884
266	0.01217296179
267	0.01216321269
268	0.01213810387
269	0.0121140104
270	0.01209885439
271	0.01206541874
272	0.01203836999
273	0.01202070664
274	0.01201363783
275	0.01200206372
276	0.01198760966
277	0.01196283455
278	0.01196003976
279	0.01194890849
280	0.01193463941
281	0.01192835246
282	0.01189777088
283	0.01189393806
284	0.01187915248
285	0.01187317
286	0.01185681072
287	0.01182849806
288	0.01181527648
289	0.01180678969
290	0.01180381276
291	0.0117756719
292	0.01176768388
293	0.01171562319
294	0.01169042548
295	0.01166434535
296	0.01165758796
297	0.01164147582
298	0.01163819339
299	0.01161318151
300	0.01160957939
301	0.01159645497
302	0.01157584669
303	0.01155089458
304	0.01152645584
305	0.01151674539
306	0.01151445552
307	0.01149476398
308	0.01148949589
309	0.01147612859
310	0.01146056261
311	0.01144176384
312	0.01142719542
313	0.01142415859
314	0.01141486341
315	0.01138837836
316	0.01133576319
317	0.01132854625
318	0.01131051762
319	0.01130852861
320	0.01128179016
321	0.01128036273
322	0.01126040901
323	0.01125737923
324	0.01125387906
325	0.01122471443
326	0.01121197604
327	0.01119861874
328	0.01118301731
329	0.01116276542
330	0.01114105482
331	0.01112713207
332	0.01111373296
333	0.01107680907
334	0.01106618879
335	0.01105358705
336	0.01101429533
337	0.01098596838
338	0.01095682022
339	0.01095172627
340	0.01094025672
341	0.0109320684
342	0.01090459009
343	0.01090178296
344	0.01089140325
345	0.01088856949
346	0.01085528909
347	0.01084111515
348	0.01081555582
349	0.01080797285
350	0.01079302992
351	0.01077860423
352	0.01077063133
353	0.01075552684
354	0.01074681883
355	0.01072668127
356	0.01071786814
357	0.01068651857
358	0.01068083443
359	0.01067498382
360	0.01066722296
361	0.01066488469
362	0.0106621481
363	0.01065924296
364	0.01063455278
365	0.01062530612
366	0.01061588697
367	0.01058794238
368	0.01058566812
369	0.01057358817
370	0.01057132579
371	0.01056193053
372	0.01054432976
373	0.0105402291
374	0.01052843442
375	0.01051767149
376	0.01050389344
377	0.01049684912
378	0.01049407025
379	0.01048375723
380	0.0104810782
381	0.01046506812
382	0.01043693233
383	0.01042156238
384	0.01041593424
385	0.01041068713
386	0.01040422551
387	0.01040268001
388	0.01039313289
389	0.01039116739
390	0.0103893369
391	0.01038708893
392	0.01037642187
393	0.01036996098
394	0.01036511965
395	0.010356298
396	0.01034954747
397	0.01033996438
398	0.01033758901
399	0.0103291245
400	0.01032266316
401	0.01028554226
402	0.01028400488
403	0.01026929417
404	0.01025807678
405	0.01025626631
406	0.01024368159
407	0.01023718488
408	0.0102326389
409	0.01022595665
410	0.01021911217
411	0.01021709974
412	0.01021521983
413	0.01020387814
414	0.01020166681
415	0.01019003067
416	0.01016092981
417	0.01015030567
418	0.01014857862
419	0.01013027665
420	0.01011478674
421	0.01010403243
422	0.01009659178
423	0.01005751971
424	0.01004711983
425	0.01003714607
426	0.01002783675
427	0.0100186132
428	0.01001728737
429	0.01001132071
430	0.009975980876
431	0.009956424627
432	0.009921675308
433	0.009855110261
434	0.009839360756
435	0.009809425662
436	0.009792967458
437	0.009772530214
438	0.009762856092
439	0.009749065155
440	0.009743316527
441	0.009738363656
442	0.009731184597
443	0.009717947836
444	0.009716234398
445	0.009708227949
446	0.009679644151
447	0.009673081552
448	0.009668727671
449	0.00966585917
450	0.009655042008
451	0.009642601064
452	0.009630553545
453	0.009618377824
454	0.009609656399
455	0.009606803356
456	0.009580048727
457	0.009571823333
458	0.009567367819
459	0.009559114799
460	0.009549091496
461	0.009547194607
462	0.009524820155
463	0.009512159429
464	0.00950792807
465	0.009506530125
466	0.009503788033
467	0.009476512255
468	0.009465038786
469	0.009463336033
470	0.009449412844
471	0.009445559834
472	0.00943752466
473	0.009432510772
474	0.009424707287
475	0.009405160922
476	0.009391243558
477	0.009390134168
478	0.009388500247
479	0.009380950232
480	0.00937113625
481	0.009346314189
482	0.009320944819
483	0.009309627442
484	0.009293917335
485	0.009292602035
486	0.009281804992
487	0.009279269313
488	0.009276772512
489	0.009275274439
490	0.009261094304
491	0.009257979726
492	0.009246373669
493	0.009236743678
494	0.009234468606
495	0.009207239352
496	0.009203955441
497	0.009164404584
498	0.009163030046
499	0.009161448284
500	0.009138095125
501	0.009134817901
502	0.009122296307
503	0.009107813686
504	0.00909245701
505	0.009089481548
506	0.009084547493
507	0.009072501819
508	0.009071197824
509	0.009046010816
510	0.00903792308
511	0.009015028354
512	0.009007567433
513	0.009003282107
514	0.009000922569
515	0.00898960841
516	0.008966275968
517	0.008942406919
518	0.008934794405
519	0.00890876083
520	0.008903018852
521	0.008879537749
522	0.008859633831
523	0.008824408084
524	0.008817778213
525	0.008815006961
526	0.00881262361
527	0.008809504438
528	0.008793151982
529	0.008786428544
530	0.008785163663
531	0.008770262358
532	0.00875472772
533	0.008750045133
534	0.008742141071
535	0.008739852288
536	0.00872321953
537	0.008705404661
538	0.008698529266
539	0.00869331067
540	0.008689103459
541	0.008685262789
542	0.008669900153
543	0.008653112894
544	0.008649272074
545	0.008628913881
546	0.008619694915
547	0.008605339413
548	0.008598921285
549	0.008592517647
550	0.008580654086
551	0.008573716482
552	0.008572588139
553	0.008568798202
554	0.008559241713
555	0.008557516611
556	0.008555201378
557	0.008553142569
558	0.008539890419
559	0.008536475542
560	0.008494925162
561	0.008481402043
562	0.008464465176
563	0.008463646423
564	0.008459903691
565	0.008451135889
566	0.008445481512
567	0.008433944916
568	0.00842449193
569	0.008415340128
570	0.008404870215
571	0.008403663614
572	0.008382291399
573	0.008379803073
574	0.008377772222
575	0.008373363856
576	0.008367519949
577	0.00836633872
578	0.0083398587
579	0.008336790426
580	0.008331589127
581	0.008317169501
582	0.008297210294
583	0.008287478644
584	0.008285525446
585	0.008277694636
586	0.008275788379
587	0.008255111924
588	0.008239761413
589	0.008222771799
590	0.008217074464
591	0.008215224582
592	0.008197078966
593	0.008189004349
594	0.008186678024
595	0.008181590816
596	0.008178960189
597	0.008156507817
598	0.008132111585
599	0.008124537762
600	0.008106811605
601	0.008102883632
602	0.00810103367
603	0.008099344477
604	0.008097672182
605	0.008084357169
606	0.008080917362
607	0.008079170718
608	0.00807323605
609	0.008066886934
610	0.008058518314
611	0.008045271742
612	0.008037725876
613	0.008034939291
614	0.008029467826
615	0.008015596885
616	0.008009123087
617	0.007977693403
618	0.007966854629
619	0.00796202889
620	0.007947331625
621	0.007938722483
622	0.007931205152
623	0.007927948326
624	0.007922927127
625	0.007914497163
626	0.007899496399
627	0.007889637288
628	0.007886684682
629	0.00788320667
630	0.007875122816
631	0.00787347987
632	0.007856803557
633	0.007853594688
634	0.007845778737
635	0.007844322548
636	0.007842580805
637	0.007840006478
638	0.007830618836
639	0.007827551337
640	0.00782657018
641	0.00781400375
642	0.007811194655
643	0.007806797568
644	0.007803863856
645	0.007801236261
646	0.007783285157
647	0.007782445905
648	0.007773627357
649	0.007769295392
650	0.007765863969
651	0.007764917391
652	0.007756552578
653	0.007749913834
654	0.007748266997
655	0.007741496396
656	0.007727307792
657	0.007726456598
658	0.007718635616
659	0.007708417178
660	0.007697733365
661	0.007694834165
662	0.007690649867
663	0.007662658815
664	0.007657438901
665	0.007652469794
666	0.007643085207
667	0.007641074818
668	0.007636028307
669	0.007609574001
670	0.007608679811
671	0.00760419122
672	0.007595161005
673	0.00758633001
674	0.007585444017
675	0.007584426515
676	0.007570570934
677	0.007565247155
678	0.007562367809
679	0.007555443232
680	0.007552359881
681	0.00752773005
682	0.007513180196
683	0.007505505529
684	0.007501022451
685	0.007485291608
686	0.007481008768
687	0.007478928567
688	0.007465522934
689	0.007462877385
690	0.007454815707
691	0.007450757125
692	0.00744806181
693	0.007444387599
694	0.007426785686
695	0.00742292703
696	0.007419168758
697	0.007410766391
698	0.007390225689
699	0.007385300652
700	0.007379862099
701	0.007376991872
702	0.007366496728
703	0.007362782257
704	0.007362332213
705	0.007360766862
706	0.007359483496
707	0.007359055467
708	0.007355517447
709	0.007333881956
710	0.007326240085
711	0.007312795464
712	0.007310106796
713	0.007292880946
714	0.007291639442
715	0.007291232368
716	0.007283921999
717	0.007281488231
718	0.007280634042
719	0.007280019583
720	0.007278779698
721	0.007266872202
722	0.007253035312
723	0.007244181211
724	0.007241797478
725	0.007239507266
726	0.007238343452
727	0.007237228338
728	0.007233694124
729	0.007230366658
730	0.007220985584
731	0.0072138077
732	0.007211595964
733	0.007208994157
734	0.007196645273
735	0.0071803615
736	0.007177993448
737	0.007175412137
738	0.007164209891
739	0.007156540074
740	0.007155465272
741	0.007154282079
742	0.007151839888
743	0.00714661232
744	0.007134774878
745	0.007132114048
746	0.007130992267
747	0.007115747747
748	0.007100145006
749	0.007097862805
750	0.007096822693
751	0.007095726242
752	0.007089634865
753	0.007080211427
754	0.007065200625
755	0.007062043519
756	0.007044722806
757	0.007041601265
758	0.007033261952
759	0.007032701959
760	0.007015025545
761	0.007002867629
762	0.006996331796
763	0.006994605553
764	0.006992637724
765	0.006991009139
766	0.006988949679
767	0.006988427834
768	0.006978485488
769	0.006974272512
770	0.006972391831
771	0.006961872386
772	0.006956717195
773	0.006947283746
774	0.006944992949
775	0.006944388597
776	0.00693772507
777	0.006935246886
778	0.00691819371
779	0.006908235387
780	0.006906407507
781	0.006903442654
782	0.006901264572
783	0.006895179945
784	0.006882178016
785	0.006876835715
786	0.006874530823
787	0.006867798485
788	0.006859446014
789	0.006853941846
790	0.006843426429
791	0.006841299684
792	0.006835102547
793	0.006829343679
794	0.006820645127
795	0.006816146348
796	0.006815546561
797	0.006813555273
798	0.006811750081
799	0.006810302729
800	0.006807271034
801	0.006804561069
802	0.006787893245
803	0.006782144265
804	0.006777154031
805	0.00677527683
806	0.006771456714
807	0.006762328074
808	0.006761087594
809	0.006758412182
810	0.006756414423
811	0.006740851628
812	0.006739014768
813	0.006737423179
814	0.006732016648
815	0.006716865952
816	0.006715937142
817	0.006708179013
818	0.006703451297
819	0.006699398022
820	0.006695745062
821	0.006687083754
822	0.006685381273
823	0.006674608168
824	0.006673169715
825	0.006667728177
826	0.006662707705
827	0.006662267226
828	0.006657328515
829	0.00664741583
830	0.006646929408
831	0.006632152339
832	0.00662496716
833	0.006624428635
834	0.006617843703
835	0.006605178435
836	0.006602550967
837	0.006600771201
838	0.006587747514
839	0.00657951425
840	0.006571953905
841	0.006570754699
842	0.006568996634
843	0.006561265771
844	0.00655112401
845	0.006546751164
846	0.006535621177
847	0.006533739774
848	0.006529633153
849	0.006528281261
850	0.006519850738
851	0.006507810516
852	0.006505322178
853	0.006501348875
854	0.006494330433
855	0.006493056911
856	0.006489906299
857	0.006487770613
858	0.006479250604
859	0.006477095198
860	0.006473419458
861	0.006469059402
862	0.006465389697
863	0.006463862432
864	0.006459371148
865	0.006450588966
866	0.006446420673
867	0.006444388167
868	0.006440761336
869	0.006435953202
870	0.006424227961
871	0.006419898471
872	0.006416975795
873	0.006414167936
874	0.006406586846
875	0.006402586545
876	0.00639876696
877	0.006388630114
878	0.006386280606
879	0.006382402637
880	0.006380199475
881	0.006375587075
882	0.006366058928
883	0.006354712261
884	0.006345250467
885	0.006344196163
886	0.006331426369
887	0.006319186912
888	0.006311142765
889	0.006305343766
890	0.006294366569
891	0.006292482413
892	0.006291830142
893	0.006265839323
894	0.006263345161
895	0.006253561156
896	0.006240046098
897	0.00623337716
898	0.006225356198
899	0.006217386861
900	0.006208128874
901	0.00620419679
902	0.006203250487
903	0.00620112115
904	0.006194993406
905	0.006192018774
906	0.00618009677
907	0.006178058426
908	0.00617304896
909	0.006164667357
910	0.006159198274
911	0.006150873451
912	0.006148685351
913	0.006141114506
914	0.006137980824
915	0.006136540056
916	0.006134789488
917	0.006131301733
918	0.006128371952
919	0.006116497588
920	0.006113325442
921	0.006111128164
922	0.006106200851
923	0.006097946959
924	0.006084631187
925	0.006073557597
926	0.00607189001
927	0.006066285214
928	0.006064847057
929	0.006059876057
930	0.006048648524
931	0.00604273778
932	0.006036335405
933	0.00603311314
934	0.006029703105
935	0.006017617126
936	0.006007329149
937	0.00600247759
938	0.005992806551
939	0.005989572466
940	0.005983222404
941	0.00598113574
942	0.005978741336
943	0.00597668356
944	0.005964480467
945	0.005959829747
946	0.005958409173
947	0.005956380148
948	0.005954856353
949	0.005947650871
950	0.005944529214
951	0.005938662518
952	0.005928673927
953	0.005924127394
954	0.005917545951
955	0.005916244853
956	0.005909624263
957	0.005903535299
958	0.005897903746
959	0.005891191555
960	0.005889563188
961	0.005883033036
962	0.005879753317
963	0.00587681077
964	0.005875445514
965	0.005868668136
966	0.005860828215
967	0.005857509637
968	0.005848362873
969	0.00583723525
970	0.005829897073
971	0.00582866346
972	0.005826313229
973	0.005821863279
974	0.005820906569
975	0.00581920686
976	0.005813129428
977	0.00580979788
978	0.005805738625
979	0.005803640072
980	0.005803347587
981	0.005801557618
982	0.005794681437
983	0.005791200011
984	0.005790252888
985	0.005787149587
986	0.005779763132
987	0.005774723172
988	0.005764768952
989	0.005758509935
990	0.005756747471
991	0.005754664035
992	0.005751495739
993	0.005749888643
994	0.005745552422
995	0.005736070442
996	0.005734164003
997	0.005726980344
998	0.005720111228
999	0.005718133766
1000	0.005716323803
1001	0.00569155857
1002	0.005688403375
1003	0.005685482385
1004	0.005682782451
1005	0.00566472739
1006	0.005656126179
1007	0.005650540794
1008	0.005648130307
1009	0.005647912862
1010	0.005646725618
1011	0.00564494015
1012	0.00564215333
1013	0.005640450421
1014	0.005638600263
1015	0.005634893072
1016	0.00563063889
1017	0.005619439571
1018	0.005616282089
1019	0.005612202149
1020	0.005606513337
1021	0.005593817122
1022	0.005587001913
1023	0.005584512835
1024	0.005582208354
1025	0.005576270985
1026	0.005572064351
1027	0.005563308883
1028	0.005558833565
1029	0.005553801112
1030	0.005531725172
1031	0.005526885573
1032	0.005521676967
1033	0.005517710604
1034	0.00551600706
1035	0.005514197101
1036	0.005510054753
1037	0.005501791182
1038	0.005500326133
1039	0.005497965952
1040	0.00549585772
1041	0.005490669547
1042	0.005490146595
1043	0.005483332584
1044	0.005482396046
1045	0.005481222545
1046	0.005480719683
1047	0.005474219455
1048	0.005466508775
1049	0.005464175567
1050	0.00545715581
1051	0.005455643089
1052	0.005453152081
1053	0.005449274109
1054	0.005447253707
1055	0.0054404269
1056	0.005427630406
1057	0.005426894059
1058	0.005424117861
1059	0.005418474449
1060	0.005414453338
1061	0.005409196931
1062	0.005400681158
1063	0.005395609123
1064	0.005388073342
1065	0.00538591579
1066	0.005384407011
1067	0.0053775724
1068	0.005371870756
1069	0.005361738248
1070	0.005356179151
1071	0.005351549453
1072	0.005350504842
1073	0.005348735741
1074	0.005343633426
1075	0.00533348112
1076	0.005333134535
1077	0.00532159791
1078	0.005318319722
1079	0.005308205164
1080	0.005300848568
1081	0.005295188101
1082	0.00529106767
1083	0.005287524309
1084	0.005282431424
1085	0.005277612818
1086	0.00527263077
1087	0.005263084115
1088	0.005262247179
1089	0.005260619913
1090	0.005260302179
1091	0.005257789666
1092	0.005253382866
1093	0.005250999324
1094	0.005241385648
1095	0.005239433379
1096	0.005230702675
1097	0.005225332376
1098	0.005221821637
1099	0.005216669886
1100	0.005212312059
1101	0.005205136651
1102	0.005202650712
1103	0.005195877567
1104	0.005192644138
1105	0.005191308403
1106	0.005190044638
1107	0.005188182226
1108	0.005173583083
1109	0.005170377223
1110	0.005166680355
1111	0.00516317011
1112	0.005160891461
1113	0.005147667954
1114	0.00514455373
1115	0.005141605865
1116	0.005140458078
1117	0.005133835959
1118	0.00512947097
1119	0.005125134009
1120	0.005122968152
1121	0.00512070419
1122	0.005118782596
1123	0.005118264812
1124	0.005108364207
1125	0.005106858545
1126	0.005103569501
1127	0.005099683101
1128	0.005096983428
1129	0.005093038207
1130	0.005088582226
1131	0.005085914611
1132	0.005066364916
1133	0.005062926372
1134	0.005057450446
1135	0.00505621702
1136	0.005052412121
1137	0.005047138381
1138	0.00504523102
1139	0.005043909484
1140	0.005041612586
1141	0.005039748712
1142	0.005037460708
1143	0.005036605489
1144	0.005019118808
1145	0.005011650065
1146	0.005008580218
1147	0.005004590249
1148	0.005003377813
1149	0.005002220725
1150	0.00499655882
1151	0.00499383015
1152	0.004990384588
1153	0.004989807619
1154	0.004984499756
1155	0.004980439817
1156	0.004977168483
1157	0.004973978265
1158	0.004971845698
1159	0.004967902255
1160	0.004965541698
1161	0.004961940589
1162	0.004960119483
1163	0.004958005773
1164	0.0049542296
1165	0.004950912422
1166	0.004949846951
1167	0.004948674227
1168	0.004946034238
1169	0.004945091188
1170	0.00494321386
1171	0.00494101609
1172	0.004936794838
1173	0.004933596394
1174	0.004930978075
1175	0.004927143819
1176	0.004926033109
1177	0.004925170145
1178	0.00492400777
1179	0.004923124311
1180	0.004916402883
1181	0.004916106913
1182	0.004904021811
1183	0.004901019498
1184	0.004900179611
1185	0.00489966147
1186	0.004897413093
1187	0.004894802133
1188	0.004892917813
1189	0.004888665904
1190	0.004883144778
1191	0.004878133039
1192	0.004877962628
1193	0.004877129686
1194	0.004874412195
1195	0.004873074264
1196	0.004872261726
1197	0.004870104988
1198	0.004869780657
1199	0.004869033791
1200	0.004868255569
1201	0.004866543397
1202	0.004864115011
1203	0.004864066165
1204	0.004862038799
1205	0.00486000971
1206	0.004855253556
1207	0.0048528058
1208	0.00485049393
1209	0.004849701579
1210	0.004827416381
1211	0.004824026775
1212	0.004819138508
1213	0.004818044097
1214	0.004816357814
1215	0.004812929372
1216	0.004812452578
1217	0.004810542379
1218	0.004808000071
1219	0.00480598629
1220	0.004804618551
1221	0.004803576734
1222	0.004799071051
1223	0.004796455764
1224	0.004793702693
1225	0.004792174398
1226	0.004791198155
1227	0.004789437086
1228	0.004787969877
1229	0.004786594852
1230	0.004785009214
1231	0.004784719515
1232	0.004782212914
1233	0.004771932689
1234	0.004771147396
1235	0.004770844959
1236	0.004762593773
1237	0.004760659547
1238	0.004756566751
1239	0.004756249134
1240	0.004753909321
1241	0.00475172956
1242	0.004751314654
1243	0.004750154488
1244	0.00474808326
1245	0.004737507204
1246	0.004737112318
1247	0.004736272674
1248	0.004734058492
1249	0.004733131391
1250	0.004728600095
1251	0.004727272832
1252	0.004724679398
1253	0.004721513818
1254	0.00471962353
1255	0.004718829408
1256	0.004714884291
1257	0.004713622718
1258	0.004703380077
1259	0.004700527717
1260	0.004699629906
1261	0.004693242276
1262	0.004692737882
1263	0.004691987641
1264	0.004690251563
1265	0.004688323201
1266	0.00468571087
1267	0.004681409574
1268	0.004680249524
1269	0.004676536891
1270	0.004675375436
1271	0.004661151194
1272	0.004656250983
1273	0.004647442811
1274	0.004644543105
1275	0.00464415981
1276	0.004642401023
1277	0.004641287138
1278	0.004625737517
1279	0.004618987714
1280	0.004617883527
1281	0.004614933027
1282	0.004612937958
1283	0.004611497616
1284	0.004607734973
1285	0.004603676841
1286	0.004602053826
1287	0.00459581292
1288	0.004593808413
1289	0.004590783205
1290	0.004588934192
1291	0.004587866909
1292	0.004581108487
1293	0.004579499093
1294	0.004575914248
1295	0.004574614019
1296	0.004571590854
1297	0.004570726375
1298	0.004567999253
1299	0.004566076319
1300	0.004565042581
1301	0.004563350669
1302	0.004562369809
1303	0.004561534167
1304	0.004557667388
1305	0.004556112963
1306	0.00455517772
1307	0.004548560767
1308	0.004535491695
1309	0.004534028516
1310	0.004531234693
1311	0.004530854452
1312	0.004529115498
1313	0.004523569547
1314	0.004518371307
1315	0.004518012963
1316	0.004517798775
1317	0.004515027798
1318	0.00451369317
1319	0.004512757127
1320	0.004510829204
1321	0.004509953212
1322	0.004490745561
1323	0.004487053807
1324	0.004485254467
1325	0.004483456149
1326	0.004481835755
1327	0.004480074193
1328	0.004476804948
1329	0.004474596587
1330	0.004473696093
1331	0.004471120105
1332	0.004463233998
1333	0.004457778518
1334	0.004456030735
1335	0.004454875155
1336	0.004454637668
1337	0.004446773988
1338	0.004438151774
1339	0.004429824397
1340	0.004426118535
1341	0.004423288763
1342	0.004418912229
1343	0.004418048925
1344	0.00441792608
1345	0.004417674121
1346	0.004417521796
1347	0.004411361927
1348	0.004410487354
1349	0.004406416256
1350	0.004395561342
1351	0.004389909805
1352	0.004382805209
1353	0.004373372126
1354	0.004370309524
1355	0.004369375237
1356	0.004367592472
1357	0.004364981331
1358	0.004358555986
1359	0.004353933142
1360	0.004353109027
1361	0.00435122942
1362	0.004345933247
1363	0.00434191088
1364	0.004341135058
1365	0.004338173789
1366	0.004335954751
1367	0.004327198071
1368	0.004326289733
1369	0.00432542136
1370	0.00432540931
1371	0.004323955496
1372	0.004323284041
1373	0.004320399141
1374	0.004318670508
1375	0.004313337615
1376	0.004311781322
1377	0.004308476112
1378	0.004307741384
1379	0.004304576899
1380	0.004291842347
1381	0.004290604487
1382	0.004286323986
1383	0.004285736537
1384	0.004284963465
1385	0.004280179567
1386	0.004279478514
1387	0.004279328202
1388	0.004277621851
1389	0.004275903832
1390	0.004273817151
1391	0.004273349814
1392	0.004270292594
1393	0.004268190636
1394	0.004266613408
1395	0.004264456213
1396	0.004264210471
1397	0.004263971248
1398	0.004262302417
1399	0.004259892077
1400	0.004242398564
1401	0.004239579236
1402	0.004235701451
1403	0.004232480305
1404	0.004229585842
1405	0.004222581741
1406	0.004221975891
1407	0.004220189533
1408	0.004217890424
1409	0.004215740825
1410	0.00421469649
1411	0.004211358768
1412	0.004209637025
1413	0.004209056702
1414	0.004206575355
1415	0.00420556795
1416	0.004204321497
1417	0.004199603237
1418	0.004192644781
1419	0.004191975703
1420	0.004191739648
1421	0.004188844963
1422	0.004184535047
1423	0.004181768028
1424	0.00417974174
1425	0.004177984649
1426	0.004176189058
1427	0.004174700198
1428	0.004172413981
1429	0.004169953428
1430	0.004165430505
1431	0.004157552701
1432	0.004155598246
1433	0.004153879284
1434	0.004152035115
1435	0.004147363853
1436	0.004144314903
1437	0.00414349636
1438	0.004136379721
1439	0.004136155942
1440	0.004133500437
1441	0.004128601117
1442	0.004127437406
1443	0.004121290667
1444	0.004119359338
1445	0.004117723321
1446	0.004114958285
1447	0.004112901238
1448	0.004100528755
1449	0.004099535393
1450	0.00409514181
1451	0.00409163581
1452	0.004087784646
1453	0.004085931919
1454	0.004085747789
1455	0.004083962666
1456	0.004082775556
1457	0.004081198213
1458	0.0040783751
1459	0.0040778262
1460	0.004077249413
1461	0.004076830842
1462	0.004073877764
1463	0.004071451598
1464	0.004060065151
1465	0.004055983428
1466	0.004053296199
1467	0.004050464547
1468	0.004042498535
1469	0.004039741142
1470	0.004038979243
1471	0.004038357905
1472	0.004036758676
1473	0.004031861784
1474	0.004031645128
1475	0.004031066181
1476	0.0040293379
1477	0.004027720705
1478	0.004026176747
1479	0.00402598837
1480	0.004024458402
1481	0.004021991055
1482	0.004009853224
1483	0.004009190698
1484	0.004008975123
1485	0.00400721142
1486	0.004002878717
1487	0.003999771092
1488	0.003997463126
1489	0.003995773861
1490	0.00398948091
1491	0.003988865387
1492	0.003987031729
1493	0.003984191228
1494	0.003982786347
1495	0.003979854497
1496	0.003971468824
1497	0.003970416082
1498	0.003969100506
1499	0.00396326212
>>>>>>> 69da7060e6a81b06299dd41ffed786e5f7eac5e4
